{
  "class_stats": {
    "num_classes": 10,
    "counter": {
      "9": 7000,
      "3": 7000,
      "8": 7000,
      "6": 7000,
      "0": 7000,
      "4": 7000,
      "1": 7000,
      "2": 7000,
      "5": 7000,
      "7": 7000
    },
    "percentages": {
      "9": 10.0,
      "3": 10.0,
      "8": 10.0,
      "6": 10.0,
      "0": 10.0,
      "4": 10.0,
      "1": 10.0,
      "2": 10.0,
      "5": 10.0,
      "7": 10.0
    }
  },
  "attribute_stats": {
    "max": 255.0,
    "min": 0.0,
    "variance": 2559335016236.8804,
    "mean": 57208.33215714286,
    "coefficient_of_variation": 44737102.44176957
  }
}