{
  "class_stats": {
    "num_classes": 6,
    "counter": {
      "1": 2925,
      "3": 1936,
      "0": 2565,
      "4": 3007,
      "2": 1641,
      "5": 1833
    },
    "percentages": {
      "1": 21.032573524124544,
      "3": 13.92104695477098,
      "0": 18.443949090386134,
      "4": 21.622204645142734,
      "2": 11.799813043790897,
      "5": 13.180412741784714
    }
  },
  "attribute_stats": {
    "max": 665953.1875,
    "min": -12826.54296875,
    "variance": 16088613705030.41,
    "mean": 357029.03918662615,
    "coefficient_of_variation": 45062479.348131046
  }
}