{
  "class_stats": {
    "num_classes": 6,
    "counter": {
      "3": 1936,
      "2": 1641,
      "4": 3009,
      "5": 1833,
      "1": 2926,
      "0": 2565
    },
    "percentages": {
      "3": 13.91804457225018,
      "2": 11.79726815240834,
      "4": 21.63191948238677,
      "5": 13.177570093457943,
      "1": 21.035226455787203,
      "0": 18.43997124370956
    }
  },
  "attribute_stats": {
    "max": 670687.375,
    "min": -23660.634765625,
    "variance": 16113823589045.758,
    "mean": 357307.30600285117,
    "coefficient_of_variation": 45097940.39564692
  }
}