{
  "class_stats": {
    "num_classes": 2,
    "counter": {
      "1": 12332,
      "0": 6688
    },
    "percentages": {
      "1": 64.83701366982125,
      "0": 35.16298633017876
    }
  },
  "attribute_stats": {
    "max": 575.24072265625,
    "min": -457.9161071777344,
    "variance": 809636.5291551657,
    "mean": 306.7783801327995,
    "coefficient_of_variation": 2639.157716409764
  }
}