{
  "class_stats": {
    "num_classes": 10,
    "counter": {
      "2": 6990,
      "1": 7877,
      "6": 6876,
      "8": 6825,
      "5": 6313,
      "4": 6824,
      "9": 6958,
      "7": 7293,
      "0": 6903,
      "3": 7141
    },
    "percentages": {
      "2": 9.985714285714286,
      "1": 11.252857142857142,
      "6": 9.822857142857142,
      "8": 9.75,
      "5": 9.018571428571429,
      "4": 9.748571428571429,
      "9": 9.94,
      "7": 10.418571428571429,
      "0": 9.86142857142857,
      "3": 10.20142857142857
    }
  },
  "attribute_stats": {
    "max": 255.0,
    "min": 0.0,
    "variance": 535761271912.15546,
    "mean": 26174.59635714286,
    "coefficient_of_variation": 20468750.104180694
  }
}