{
  "class_stats": {
    "num_classes": 2,
    "counter": {
      "0": 699,
      "1": 356
    },
    "percentages": {
      "0": 66.25592417061611,
      "1": 33.74407582938389
    }
  },
  "attribute_stats": {
    "max": 147.0,
    "min": -5.25600004196167,
    "variance": 230204.69745260663,
    "mean": 76.72324703632373,
    "coefficient_of_variation": 3000.4556160614384
  }
}